{"fx": 2.7777777777777777, "fy": 2.7777777777777777, "px": 0.0, "py": 0.0}
